BLEU_marian,BLEU_nllb,BERT_marian,BERT_nllb
47.041079561594984,100.00000000000004,0.9446861743927002,1.0
